{
  "rmse_log": 0.24783190475678296,
  "mae_log": 0.20193101465702057,
  "r2_log": 0.5871269702911377,
  "rmse_raw": 0.024238873396901627,
  "mae_raw": 0.01886245422065258,
  "median_relative_error": 0.1822691410779953,
  "mean_relative_error": 0.22409066557884216
}