{
  "rmse_log": 1.0221216026717141,
  "mae_log": 1.0036249160766602,
  "r2_log": -21.336414337158203,
  "rmse_raw": 0.0422112343503415,
  "mae_raw": 0.04058931767940521,
  "median_relative_error": 0.6406939625740051,
  "mean_relative_error": 0.6261078119277954
}