{
  "rmse_log": 0.3654145393106671,
  "mae_log": 0.3199339807033539,
  "r2_log": -0.29549336433410645,
  "rmse_raw": 0.20764200523377593,
  "mae_raw": 0.1624806523323059,
  "median_relative_error": 0.2855226695537567,
  "mean_relative_error": 0.31158730387687683
}