{
  "rmse_log": 0.7611433545783077,
  "mae_log": 0.6080895662307739,
  "r2_log": 0.21582329273223877,
  "rmse_raw": 0.20950903054293787,
  "mae_raw": 0.12447856366634369,
  "median_relative_error": 0.41396456956863403,
  "mean_relative_error": 0.4265490770339966
}