{
  "rmse_log": 0.6265654984780574,
  "mae_log": 0.49763479828834534,
  "r2_log": 0.4686092734336853,
  "rmse_raw": 0.19352456944985316,
  "mae_raw": 0.1114768534898758,
  "median_relative_error": 0.3789826035499573,
  "mean_relative_error": 0.42750614881515503
}