feature,ref_exp_min,ref_exp_median,ref_exp_max,test_exp_p10,test_exp_p50,test_exp_p90
IP,-1.141393550671371,0.8621962187770633,3.993162762872551,-0.16798056905263012,1.26309564735035,2.824662353100371
BT,-8.140008188452102,0.39047962437266875,7.881432480696374,-2.325179340909545,0.15596553075272104,1.6885706598529042
PL,-2.1311227919197444,-0.5408010126607246,0.6044491676786543,-1.3790497274417122,-0.7665809970241542,-0.17076693342025812
NEL,-1.5879080087728792,0.013756866613194984,1.6541800734165502,-0.7924235553822749,0.18088877535440656,0.9667633434557975
RGEO,-15.208725230164152,1.1939032757806438,24.26711150307227,-0.4726752337301561,2.6169265809840105,6.544961241550056
