{
  "rmse_log": 0.5212116171063294,
  "mae_log": 0.4205983579158783,
  "r2_log": 0.632286787033081,
  "rmse_raw": 0.14474898768187947,
  "mae_raw": 0.09103742986917496,
  "median_relative_error": 0.359680712223053,
  "mean_relative_error": 0.4953837990760803
}