{
  "rmse_log": 0.23585836806560492,
  "mae_log": 0.18700511324844468,
  "r2_log": 0.6260576488008107,
  "rmse_raw": 0.02196508714292146,
  "mae_raw": 0.016746039531432482,
  "median_relative_error": 0.1642173263444591,
  "mean_relative_error": 0.20327422780179763
}