{
  "rmse_log": 0.2131758993244689,
  "mae_log": 0.16682087993494815,
  "r2_log": 0.9473763267260736,
  "rmse_raw": 0.05147838592656475,
  "mae_raw": 0.029552782711979114,
  "median_relative_error": 0.1403631688007454,
  "mean_relative_error": 0.16922978258792226
}