{
  "rmse_log": 0.2530205871683462,
  "mae_log": 0.2039710777564178,
  "r2_log": 0.913345183265729,
  "rmse_raw": 0.06815071229287038,
  "mae_raw": 0.042509951472733495,
  "median_relative_error": 0.1797146394049716,
  "mean_relative_error": 0.2182480128257893
}