{
  "rmse_log": 0.2578586334798507,
  "mae_log": 0.2265029400587082,
  "r2_log": 0.35490018129348755,
  "rmse_raw": 0.12823128275386747,
  "mae_raw": 0.10542091727256775,
  "median_relative_error": 0.2137279063463211,
  "mean_relative_error": 0.20582039654254913
}