{
  "overall": {
    "rmse_log": 0.3390979146261336,
    "mae_log": 0.26172107458114624,
    "r2_log": 0.3323402404785156,
    "rmse_raw": 0.024252664417899743,
    "mae_raw": 0.01920020766556263,
    "median_relative_error": 0.21861550211906433,
    "mean_relative_error": 0.2521800696849823
  },
  "fold_mean": {
    "rmse_log": 0.5654649685794397,
    "mae_log": 0.5280339866876602,
    "r2_log": -7.371147632598877,
    "rmse_raw": 0.028985113115212447,
    "mae_raw": 0.02561977691948414,
    "median_relative_error": 0.38242699205875397,
    "mean_relative_error": 0.38454784949620563
  },
  "fold_std": {
    "rmse_log": 0.40543408698848,
    "mae_log": 0.4212342162499883,
    "r2_log": 12.133564251570826,
    "rmse_raw": 0.01160528898669219,
    "mae_raw": 0.01298439613732513,
    "median_relative_error": 0.23467175281809605,
    "mean_relative_error": 0.21292649436292482
  }
}