{
  "rmse_log": 0.13537407092033618,
  "mae_log": 0.09918654710054398,
  "r2_log": 0.9787784814834595,
  "rmse_raw": 0.03327160148331276,
  "mae_raw": 0.018479665741324425,
  "median_relative_error": 0.07580822706222534,
  "mean_relative_error": 0.0993223711848259
}