{
  "rmse_log": 1.3603613333477842,
  "mae_log": 0.7140737175941467,
  "r2_log": -1.5048952102661133,
  "rmse_raw": 0.21092739787459702,
  "mae_raw": 0.12263985723257065,
  "median_relative_error": 0.45648258924484253,
  "mean_relative_error": 0.5533016324043274
}