{
  "rmse_log": 0.11595833765994461,
  "mae_log": 0.09324356404749752,
  "r2_log": 0.7125169601212267,
  "rmse_raw": 0.007471370462434567,
  "mae_raw": 0.005836399106448203,
  "median_relative_error": 0.0747359603658625,
  "mean_relative_error": 0.0882469550280336
}