{
  "rmse_log": 0.13006756484780488,
  "mae_log": 0.09347324073314667,
  "r2_log": 0.9804096221923828,
  "rmse_raw": 0.030481611992609396,
  "mae_raw": 0.017032476142048836,
  "median_relative_error": 0.06784357130527496,
  "mean_relative_error": 0.09399989992380142
}