{
  "overall": {
    "rmse_log": 0.30952932768963687,
    "mae_log": 0.24391987919906352,
    "r2_log": 0.44370064523510455,
    "rmse_raw": 0.021823929426362357,
    "mae_raw": 0.01718137022870707,
    "median_relative_error": 0.20500970222546672,
    "mean_relative_error": 0.23425817669987517
  },
  "fold_mean": {
    "rmse_log": 0.28630887151295575,
    "mae_log": 0.2525257343346851,
    "r2_log": -0.3348728751341867,
    "rmse_raw": 0.017363679982552924,
    "mae_raw": 0.014334214929378595,
    "median_relative_error": 0.20863342158740708,
    "mean_relative_error": 0.2206566298535978
  },
  "fold_std": {
    "rmse_log": 0.20039667631352193,
    "mae_log": 0.20024991456703334,
    "r2_log": 1.739793609018761,
    "rmse_raw": 0.008573925101075977,
    "mae_raw": 0.0075851519698719415,
    "median_relative_error": 0.16077475557005438,
    "mean_relative_error": 0.141901614127071
  }
}