{
  "rmse_log": 0.8286255097709189,
  "mae_log": 0.6227619647979736,
  "r2_log": 0.07061076164245605,
  "rmse_raw": 0.22416803703604202,
  "mae_raw": 0.13369965553283691,
  "median_relative_error": 0.38803333044052124,
  "mean_relative_error": 0.4184107184410095
}