{
  "rmse_log": 0.790382338968062,
  "mae_log": 0.6991637945175171,
  "r2_log": -7.121417045593262,
  "rmse_raw": 0.02940073379553774,
  "mae_raw": 0.026005730032920837,
  "median_relative_error": 0.47774529457092285,
  "mean_relative_error": 0.4701915979385376
}