{
  "rmse_log": 0.12217122675075688,
  "mae_log": 0.08626673370599747,
  "r2_log": 0.9827160835266113,
  "rmse_raw": 0.029197132672392427,
  "mae_raw": 0.016011597588658333,
  "median_relative_error": 0.06370662152767181,
  "mean_relative_error": 0.08701358735561371
}