{
  "rmse_log": 0.426441398309822,
  "mae_log": 0.3785460293292999,
  "r2_log": -1.3641555309295654,
  "rmse_raw": 0.02050523159839423,
  "mae_raw": 0.017407558858394623,
  "median_relative_error": 0.3243178725242615,
  "mean_relative_error": 0.30344507098197937
}