{
  "rmse_log": 0.5071099088133179,
  "mae_log": 0.47732852570811307,
  "r2_log": -2.3431932343245974,
  "rmse_raw": 0.02265458234230275,
  "mae_raw": 0.020420206150255096,
  "median_relative_error": 0.3869469780518997,
  "mean_relative_error": 0.37044870673096214
}