{
  "rmse_log": 0.13865615863122138,
  "mae_log": 0.1005997434258461,
  "r2_log": 0.9777370095252991,
  "rmse_raw": 0.0320882593026106,
  "mae_raw": 0.018319223076105118,
  "median_relative_error": 0.07896295189857483,
  "mean_relative_error": 0.1022966206073761
}