{
  "rmse_log": 0.2610899347313704,
  "mae_log": 0.22585742149987742,
  "r2_log": 0.33863099618124115,
  "rmse_raw": 0.14637955355258492,
  "mae_raw": 0.11179960201767611,
  "median_relative_error": 0.1996302640752059,
  "mean_relative_error": 0.19735028016079909
}